params_linear,cov_linear,laser,u_laser,laser_corr
0.9987684612954679,0.00022635219348729788,531.8179838362893,0.000765268511498869,532.1150887716177
0.9520593661889655,0.12163807371603712,531.8179838362893,0.000765268511498869,0.17113535083272308
