params_linear,cov_linear
0.09993906695160881,7.026110536706997e-06
0.6888842047814034,0.034944308510342685
